id,name,ipa
1,Bulbasaur,ˈbʊlbəsɔːɹ
2,Ivysaur,ˈaɪviːsɔːɹ
3,Venusaur,ˈviːnəsɔːɹ
4,Charmander,ˈtʃɑːɹmændɚ
5,Charmeleon,tʃɑːɹˈmiːljən
6,Charizard,ˈtʃɑːɹɪzɑːɹd
7,Squirtle,ˈskwɝːɾəl
8,Wartortle,ˈwɔːɹtɔːɹɾəl
9,Blastoise,ˈblæstɔɪs
10,Caterpie,ˈkæɾɚpiː
11,Metapod,ˈmɛɾəpɑːd
12,Butterfree,ˈbʌɾɚfɹiː
13,Weedle,ˈwiːdəl
14,Kakuna,kəˈkuːnə
15,Beedrill,ˈbiːdɹɪl
16,Pidgey,ˈpɪdʒiː
17,Pidgeotto,ˌpɪdʒiːˈoʊɾoʊ
18,Pidgeot,ˈpɪdʒiːɑːt
19,Rattata,ɹəˈtæɾə
20,Raticate,ˈɹæɾɪkeɪt
21,Spearow,ˈspɪɹoʊ
22,Fearow,ˈfɪɹoʊ
23,Ekans,ˈɛkənz
24,Arbok,ˈɑːɹbɑːk
25,Pikachu,ˈpiːkətʃuː
26,Raichu,ˈɹaɪtʃuː
27,Sandshrew,ˈsændʃɹuː
28,Sandslash,ˈsændslæʃ
29,Nidoran♀,ˈniːdoʊɹæn (ˈfiːmeɪl)
30,Nidorina,ˌniːdoʊˈɹiːnə
31,Nidoqueen,ˈniːdoʊkwiːn
32,Nidoran♂,ˈniːdoʊɹæn (ˈmeɪl)
33,Nidorino,ˌniːdoʊˈɹiːnoʊ
34,Nidoking,ˈniːdoʊkɪŋ
35,Clefairy,klɛˈfɛɹiː
36,Clefable,klɛˈfeɪbəl
37,Vulpix,ˈvʊlpɪks
38,Ninetales,ˈnaɪnteɪlz
39,Jigglypuff,ˈdʒɪɡliːpʌf
40,Wigglytuff,ˈwɪɡliːtʌf
41,Zubat,ˈzuːbæt
42,Golbat,ˈɡɔːlbæt
43,Oddish,ˈɑːdɪʃ
44,Gloom,ˈɡluːm
45,Vileplume,ˈvaɪlpluːm
46,Paras,ˈpɛɹəs
47,Parasect,ˈpɛɹəsɛkt
48,Venonat,ˈvɛnoʊnæt
49,Venomoth,ˈvɛnoʊmɑːθ
50,Diglett,ˈdɪɡlət
51,Dugtrio,dʌɡˈtɹiːoʊ
52,Meowth,miːˈaʊθ
53,Persian,ˈpɝːʒən
54,Psyduck,ˈsaɪdʌk
55,Golduck,ˈɡɔːldʌk
56,Mankey,ˈmæŋkiː
57,Primeape,ˈpɹaɪmeɪp
58,Growlithe,ˈɡɹaʊlɪθ
59,Arcanine,ˈɑːɹkənɑɪn
60,Poliwag,ˈpɑːliːwæɡ
61,Poliwhirl,ˈpɑːliːwɝːl
62,Poliwrath,ˈpɑːliːɹæθ
63,Abra,ˈæbɹə
64,Kadabra,kəˈdæbɹə
65,Alakazam,ˌæləkəˈzæm
66,Machop,məˈtʃɑːp
67,Machoke,məˈtʃoʊk
68,Machamp,məˈtʃæmp
69,Bellsprout,ˈbɛlspɹaʊt
70,Weepinbell,ˈwiːpɪnbɛl
71,Victreebel,ˈvɪktriːbɛl
72,Tentacool,ˈtɛntəkuːl
73,Tentacruel,ˈtɛntəkɹuːl
74,Geodude,ˈdʒiːoʊduːd
75,Graveler,ˈɡɹævəlɚ
76,Golem,ˈɡɔːləm
77,Ponyta,ˈpoʊniːtɑː
78,Rapidash,ˈɹæpɪdæʃ
79,Slowpoke,ˈsloʊpoʊk
80,Slowbro,ˈsloʊbɹoʊ
81,Magnemite,ˈmæɡnəmaɪt
82,Magneton,ˈmæɡnətɑːn
83,Farfetch'd,ˈfɑːɹfɛtʃt
84,Doduo,doʊˈduːoʊ
85,Dodrio,doʊˈdɹiːoʊ
86,Seel,ˈsiːl
87,Dewgong,ˈduːɡɑːŋ
88,Grimer,ˈɡɹaɪmɚ
89,Muk,ˈmʌk
90,Shellder,ˈʃɛldɚ
91,Cloyster,ˈklɔɪstɚ
92,Gastly,ˈɡæsliː
93,Haunter,ˈhɑːntɚ
94,Gengar,ˈɡɛŋɡɑːɹ
95,Onix,ˈɑːnɪks
96,Drowzee,ˈdɹaʊziː
97,Hypno,ˈhɪpnoʊ
98,Krabby,ˈkɹæbiː
99,Kingler,ˈkɪŋlɚ
100,Voltorb,ˈvɔːltɔːɹb
101,Electrode,ɪˈlɛktɹoʊd
102,Exeggcute,ˈɛɡzəɡkjuːt
103,Exeggutor,ɛɡzˈɛɡjuːtɔːɹ
104,Cubone,ˈkjuːboʊn
105,Marowak,ˈmɛɹoʊwæk
106,Hitmonlee,ˈhɪtmɑːnliː
107,Hitmonchan,ˈhɪtmɑːntʃæn
108,Lickitung,ˈlɪkɪtʌŋ
109,Koffing,ˈkɑːfɪŋ
110,Weezing,ˈwiːzɪŋ
111,Rhyhorn,ˈɹaɪhɔːɹn
112,Rhydon,ˈɹaɪdɑːn
113,Chansey,ˈtʃænsiː
114,Tangela,ˈtæŋɡələ
115,Kangaskhan,ˈkæŋɡəskɑːn
116,Horsea,ˈhɔːɹsiː
117,Seadra,ˈsiːdɹə
118,Goldeen,ɡɔːlˈdiːn
119,Seaking,ˈsiːkɪŋ
120,Staryu,ˈstɑːɹjuː
121,Starmie,ˈstɑːɹmiː
122,Mr. Mime,ˌmɪstɚˈmaɪm
123,Scyther,ˈsaɪθɚ
124,Jynx,ˈdʒɪŋks
125,Electabuzz,əˈlɛktəbʌz
126,Magmar,ˈmæɡmɑːɹ
127,Pinsir,ˈpɪnsɚ
128,Tauros,ˈtɔːɹoʊs
129,Magikarp,ˈmædʒɪkɑːɹp
130,Gyarados,ˈɡɛɹədoʊs
131,Lapras,ˈlæpɹəs
132,Ditto,ˈdɪtoʊ
133,Eevee,ˈiːviː
134,Vaporeon,veɪˈpɔːɹiːɑːn
135,Jolteon,ˈdʒɔːltiːɑːn
136,Flareon,ˈflɛɹiːɑːn
137,Porygon,ˈpɔːɹiːɡɑːn
138,Omanyte,ˈɑːmənɑɪt
139,Omastar,ˈɑːməstɑːɹ
140,Kabuto,kəˈbuːtoʊ
141,Kabutops,ˈkɑːbuːtɑːps
142,Aerodactyl,ɛɹəˈdæktəl
143,Snorlax,ˈsnɔːɹlæks
144,Articuno,ˌɑːɹɾɪˈkuːnoʊ
145,Zapdos,ˈzæpdoʊs
146,Moltres,ˈmɔːltɹeɪs
147,Dratini,dɹəˈtiːniː
148,Dragonair,ˈdɹæɡənɛɹ
149,Dragonite,ˈdɹæɡənaɪt
150,Mewtwo,ˈmjuːtuː
151,Mew,ˈmjuː
152,Chikorita,ˌtʃɪkɔːɹˈiːɾə
153,Bayleef,ˈbeɪliːf
154,Meganium,məˈɡeɪniːəm
155,Cyndaquil,ˈsɪndəkwɪl
156,Quilava,kwɪˈlɑːvə
157,Typhlosion,taɪˈfloʊʒən
158,Totodile,ˈtoʊɾədaɪl
159,Croconaw,ˈkɹɑːkənɑː
160,Feraligatr,fɚˈæləɡeɪɾɚ
161,Sentret,ˈsɛntɹət
162,Furret,ˈfɝːət
163,Hoothoot,ˈhuːtˌhuːt
164,Noctowl,ˈnɑːktaʊl
165,Ledyba,ˈlɛdiːbə
166,Ledian,ˈlɛdiːɑːn
167,Spinarak,ˈspɪnəɹæk
168,Ariados,ˈɛɹiːədoʊs
169,Crobat,ˈkɹoʊbæt
170,Chinchou,ˈtʃɪntʃaʊ
171,Lanturn,ˈlæntɚn
172,Pichu,ˈpiːtʃu
173,Cleffa,ˈklɛfə
174,Igglybuff,ˈɪɡliːbʌf
175,Togepi,ˈtoʊgəpiː
176,Togetic,ˈtoʊɡətɪk
177,Natu,ˈnɑːtuː
178,Xatu,ˈzɑːtuː
179,Mareep,məˈɹiːp
180,Flaaffy,ˈflæfiː
181,Ampharos,ˈæmfəɹɑːs
182,Bellossom,bɛlˈɑːsəm
183,Marill,ˈmɛɹəl
184,Azumarill,əˈzuːməɹɪl
185,Sudowoodo,ˌsuːdoʊˈwuːdoʊ
186,Politoed,ˈpɑːliːtoʊd
187,Hoppip,ˈhɑːpɪp
188,Skiploom,ˈskɪpluːm
189,Jumpluff,ˈdʒʌmplʌf
190,Aipom,ˈeɪpɑːm
191,Sunkern,ˈsʌŋkɚn
192,Sunflora,ˌsʌnˈflɔːɹə
193,Yanma,ˈjænmə
194,Wooper,ˈwuːpɚ
195,Quagsire,ˈkwæɡsaɪɚ
196,Espeon,ˈɛspiːɑːn
197,Umbreon,ˈʌmbɹiːɑːn
198,Murkrow,ˈmɝːkɹoʊ
199,Slowking,ˈsloʊkɪŋ
200,Misdreavus,mɪsˈdɹiːvəs
201,Unown,ʌˈnoʊn
202,Wobbuffet,ˈwɑːbəfɛt
203,Girafarig,dʒɚːˈæfəɹɪɡ
204,Pineco,ˈpaɪnkoʊ
205,Forretress,ˈfɔːɹətɹəs
206,Dunsparce,ˈdʌnspɑːɹs
207,Gligar,ˈɡlaɪɡɑːɹ
208,Steelix,ˈstiːlɪks
209,Snubbull,ˈsnʌbʊl
210,Granbull,ˈɡɹænbʊl
211,Qwilfish,ˈkwɪlfɪʃ
212,Scizor,ˈsɪzɔːɹ
213,Shuckle,ˈʃʌkəl
214,Heracross,ˈhɛɹəkɹɑːs
215,Sneasel,ˈsniːzəl
216,Teddiursa,tɛdiːˈɝːsə
217,Ursaring,ˈɝːsəɹɪŋ
218,Slugma,ˈslʌgmə
219,Magcargo,mæɡˈkɑːɹɡoʊ
220,Swinub,ˈswaɪnʌb
221,Piloswine,ˈpaɪloʊˌswaɪn
222,Corsola,ˈkɔːɹsələ
223,Remoraid,ˈɹɛməɹeɪd
224,Octillery,ɑːkˈtɪlɚiː
225,Delibird,ˈdɛliːbɚd
226,Mantine,ˈmæntiːn
227,Skarmory,ˈskɑːɹmɚiː
228,Houndour,ˈhaʊndaʊɚ
229,Houndoom,ˈhaʊnduːm
230,Kingdra,ˈkɪŋdɹə
231,Phanpy,ˈfænpiː
232,Donphan,ˈdɑːnfæn
233,Porygon2,ˌpɔːɹiːɡɑːnˈtuː
234,Stantler,ˈstæntlɚ
235,Smeargle,ˈsmɪɹɡəl
236,Tyrogue,ˈtaɪɹoʊɡ
237,Hitmontop,ˈhɪtmɑːntɑːp
238,Smoochum,ˈsmuːtʃəm
239,Elekid,ˈɛləkɪd
240,Magby,ˈmægbiː
241,Miltank,ˈmɪltæŋk
242,Blissey,ˈblɪsiː
243,Raikou,ˈɹaɪkoʊ
244,Entei,ˈɛnteɪ
245,Suicune,ˈswiːkuːn
246,Larvitar,ˈlɑːɹvətɑːɹ
247,Pupitar,ˈpjuːpətɑːɹ
248,Tyranitar,taɪˈɹænətɑːɹ
249,Lugia,ˈluːɡiːə
250,Ho-Oh,ˈhoʊʔoʊ
251,Celebi,ˈsɛləbiː
252,Treecko,ˈtɹiːkoʊ
253,Grovyle,ˈɡɹoʊvaɪl
254,Sceptile,ˈsɛptaɪl
255,Torchic,ˈtɔːɹtʃɪk
256,Combusken,kəmˈbʌskən
257,Blaziken,ˈbleɪzəkən
258,Mudkip,ˈmʌdkɪp
259,Marshtomp,ˈmɑːɹʃtɑːmp
260,Swampert,ˈswɑːmpɚt
261,Poochyena,ˌpuːtʃiːˈjɛnə
262,Mightyena,ˌmaɪtiːˈjɛnə
263,Zigzagoon,zɪɡzəˈɡuːn
264,Linoone,laɪˈnuːn
265,Wurmple,ˈwɝːmpəl
266,Silcoon,ˈsɪlkuːn
267,Beautifly,ˈbjuːtəflaɪ
268,Cascoon,ˈkæskuːn
269,Dustox,ˈdʌstɑːks
270,Lotad,ˈloʊtæd
271,Lombre,ˈlɑːmbɹeɪ
272,Ludicolo,ˌluːdiːˈkoʊloʊ
273,Seedot,ˈsiːdɑːt
274,Nuzleaf,ˈnʌzliːf
275,Shiftry,ˈʃɪftɹiː
276,Taillow,ˈteɪloʊ
277,Swellow,ˈswɛloʊ
278,Wingull,ˈwɪŋɡəl
279,Pelipper,ˈpɛlɪpɚ
280,Ralts,ˈɹɑːlts
281,Kirlia,ˈkɝːliːə
282,Gardevoir,ˈɡɑːɹdəvwɑːɹ
283,Surskit,ˈsɝːskɪt
284,Masquerain,mæskɚˈeɪn
285,Shroomish,ˈʃɹuːmɪʃ
286,Breloom,ˈbɹɛluːm
287,Slakoth,ˈslækɑːθ
288,Vigoroth,ˈvɪɡɚɑːθ
289,Slaking,ˈslækɪŋ
290,Nincada,nɪnˈkɑːdə
291,Ninjask,ˈnɪndʒæsk
292,Shedinja,ʃɛdˈɪndʒə
293,Whismur,ˈhwɪsmɚ
294,Loudred,ˈlaʊdɹɛd
295,Exploud,ɛkˈsplaʊd
296,Makuhita,ˌmɑːkuːˈhiːtə
297,Hariyama,ˌhɑːɹiːˈjɑːmə
298,Azurill,əˈzuːɹɪl
299,Nosepass,ˈnoʊzpæs
300,Skitty,ˈskɪtiː
301,Delcatty,ˈdɛlkætiː
302,Sableye,ˈseɪbəlaɪ
303,Mawile,ˈmɑːwaɪl
304,Aron,ˈɛɹɑːn
305,Lairon,ˈlɛɹɑːn
306,Aggron,ˈæɡɹɑːn
307,Meditite,ˈmɛdətaɪt
308,Medicham,ˈmɛdətʃæm
309,Electrike,ɪˈlɛktɹɑɪk
310,Manectric,meɪˈnɛktɹɪk
311,Plusle,ˈplʌsəl
312,Minun,ˈmaɪnən
313,Volbeat,ˈvoʊlbiːt
314,Illumise,ɪluˈmiːzeɪ
315,Roselia,ɹoʊˈzɛliːə
316,Gulpin,ˈɡʊlpɪn
317,Swalot,ˈswɑːlɑːt
318,Carvanha,kɑːɹˈvɑːnə
319,Sharpedo,ʃɑːɹˈpiːdoʊ
320,Wailmer,ˈweɪlmɚ
321,Wailord,ˈweɪlɔːɹd
322,Numel,ˈnʌməl
323,Camerupt,ˈkæmɚʌpt
324,Torkoal,ˈtɔːɹkoʊl
325,Spoink,spɔɪŋk
326,Grumpig,ˈɡɹʌmpɪɡ
327,Spinda,ˈspɪndə
328,Trapinch,ˈtɹæpɪntʃ
329,Vibrava,vaɪˈbɹɑːvə
330,Flygon,ˈflaɪɡɑːn
331,Cacnea,ˈkækniːə
332,Cacturne,ˈkæktɚn
333,Swablu,ˈswɑːbluː
334,Altaria,ɑːlˈtɑːɹiːə
335,Zangoose,ˈzæŋɡus
336,Seviper,səˈvaɪpɚ
337,Lunatone,ˈluːnətoʊn
338,Solrock,ˈsɔːlɹɑːk
339,Barboach,ˈbɑːɹboʊtʃ
340,Whiscash,ˈhwɪskæʃ
341,Corphish,ˈkɔːɹfɪʃ
342,Crawdaunt,ˈkrɑːdɑːnt
343,Baltoy,ˈbɑːltɔɪ
344,Claydol,ˈkleɪdɔl
345,Lileep,lɪlˈiːp
346,Cradily,kɹeɪˈdɪliː
347,Anorith,ˈænəɹɪθ
348,Armaldo,ɑːɹˈmɑːldoʊ
349,Feebas,ˈfiːbæs
350,Milotic,ˈmaɪloʊtɪk
351,Castform,ˈkæstfɔːɹm
352,Kecleon,ˈkɛkliːɑːn
353,Shuppet,ˈʃʌpət
354,Banette,beɪˈnɛt
355,Duskull,ˈdʌskəl
356,Dusclops,ˈdʌsklɑːps
357,Tropius,ˈtɹɑːpiːəs
358,Chimecho,tʃaɪˈmɛkoʊ
359,Absol,ˈæbsɔːl
360,Wynaut,ˈwaɪnɑːt
361,Snorunt,ˈsnoʊɹʌnt
362,Glalie,ˈɡleɪliː
363,Spheal,ˈsfiːl
364,Sealeo,ˈsiːliːoʊ
365,Walrein,ˈwɑːlɹeɪn
366,Clamperl,ˈklæmpɚl
367,Huntail,ˈhʌnteɪl
368,Gorebyss,ˈɡɔːɹəbɪs
369,Relicanth,ˈɹɛlɪkænθ
370,Luvdisc,ˈlʌvdɪsk
371,Bagon,ˈbeɪɡɑːn
372,Shelgon,ˈʃɛlɡɑːn
373,Salamence,ˈsæləmɛns
374,Beldum,ˈbɛldʌm
375,Metang,məˈtæŋ
376,Metagross,ˈmɛtəɡroʊs
377,Regirock,ˈɹɛdʒiːɹɑːk
378,Regice,ˈɹɛdʒaɪs
379,Registeel,ˈɹɛdʒiːstiːl
380,Latias,ˈlɑːtiːɑːs
381,Latios,ˈlɑːtiːoʊs
382,Kyogre,kaɪˈoʊɡɚ
383,Groudon,ˈɡɹaʊdɑːn
384,Rayquaza,ɹeɪˈkweɪzə
385,Jirachi,dʒɚˈɑːtʃiː
386,Deoxys,diːˈɑːksɪs
387,Turtwig,ˈtɝːtwɪɡ
388,Grotle,ˈɡɹɑːɾəl
389,Torterra,tɔːɹˈtɛɹə
390,Chimchar,ˈtʃɪmtʃɑːɹ
391,Monferno,mɑːnˈfɝːnoʊ
392,Infernape,ɪnˈfɝːneɪp
393,Piplup,ˈpɪplʌp
394,Prinplup,ˈpɹɪnplʌp
395,Empoleon,ɛmˈpɔːliːɑːn
396,Starly,ˈstɑːɹliː
397,Staravia,stɑːɹˈeɪviːə
398,Staraptor,stɑːɹˈæptɚ
399,Bidoof,ˈbiːduːf
400,Bibarel,ˈbiːbɛɹəl
401,Kricketot,ˈkɹɪkətɑːt
402,Kricketune,ˈkɹɪkətuːn
403,Shinx,ˈʃiːŋks
404,Luxio,ˈlʌksiːoʊ
405,Luxray,ˈlʌksɹeɪ
406,Budew,bəˈduː
407,Roserade,ˈɹoʊzɹeɪd
408,Cranidos,ˈkɹeɪniːdoʊs
409,Rampardos,ræmˈpɑːɹdoʊs
410,Shieldon,ˈʃiːldɑːn
411,Bastiodon,ˈbæstiːoʊdɑːn
412,Burmy,ˈbɝːmiː
413,Wormadam,ˈwɝːmədæm
414,Mothim,ˈmɑːθɪm
415,Combee,ˈkoʊmbiː
416,Vespiquen,ˈvɛspɪkwɛn
417,Pachirisu,pɑːtʃiˈɹiːsuː
418,Buizel,ˈbwiːzəl
419,Floatzel,ˈfloʊtsəl
420,Cherubi,tʃɚˈuːbiː
421,Cherrim,ˈtʃɛɹɪm
422,Shellos,ˈʃɛlɑːs
423,Gastrodon,ˈɡæstɹoʊdɑːn
424,Ambipom,ˈæmbɪpɑːm
425,Drifloon,ˈdɹɪfluːn
426,Drifblim,ˈdɹɪfblɪm
427,Buneary,bəˈnɪɹiː
428,Lopunny,ˈlɑːpəniː
429,Mismagius,mɪsˈmæɡiːəs
430,Honchkrow,ˈhɑːntʃkɹoʊ
431,Glameow,ˈɡlæmiːaʊ
432,Purugly,pɚˈʌɡliː
433,Chingling,ˈtʃɪŋlɪŋ
434,Stunky,ˈstʌŋkiː
435,Skuntank,ˈskʌntæŋk
436,Bronzor,ˈbɹɑːnzɔːɹ
437,Bronzong,ˈbɹɑːnzɑːŋ
438,Bonsly,ˈbɑːnslaɪ
439,Mime Jr.,maɪmˈdʒuːnjɚ
440,Happiny,həˈpiːniː
441,Chatot,ˈtʃætɑːt
442,Spiritomb,ˈspɪɹətuːm
443,Gible,ˈɡɪbəl
444,Gabite,ɡəˈbaɪt
445,Garchomp,ˈɡɑːɹtʃɑːmp
446,Munchlax,ˈmʌntʃlæks
447,Riolu,ɹiːˈoʊluː
448,Lucario,luːˈkɑːɹiːoʊ
449,Hippopotas,hɪpoʊpəˈtɑːs
450,Hippowdon,hɪˈpaʊdɑːn
451,Skorupi,skɔːɹˈuːpiː
452,Drapion,ˈdɹæpiːɑːn
453,Croagunk,ˈkɹoʊɡʌŋk
454,Toxicroak,ˈtɑːksɪkɹoʊk
455,Carnivine,ˈkɑːɹnɪvaɪn
456,Finneon,ˈfɪniːɑːn
457,Lumineon,luːˈmɪniːɑːn
458,Mantyke,ˈmæntɑɪk
459,Snover,ˈsnoʊvɚ
460,Abomasnow,əˈbɑːməsnoʊ
461,Weavile,ˈwiːvaɪl
462,Magnezone,ˈmæɡnəzoʊn
463,Lickilicky,ˌlɪkiːˈlɪkiː
464,Rhyperior,ˈɹɑːɪpɪɹiːɚ
465,Tangrowth,ˈtæŋɡroʊθ
466,Electivire,ɪˈlɛktəvɑɪɹ
467,Magmortar,mæɡˈmɔːɹtɚ
468,Togekiss,ˈtoʊɡəkɪs
469,Yanmega,jænˈmɛɡə
470,Leafeon,ˈliːfiːɑːn
471,Glaceon,ˈɡleɪsiːɑːn
472,Gliscor,ˈɡlaɪskɔːɹ
473,Mamoswine,ˈmæmoʊswaɪn
474,Porygon-Z,ˌpɔːɹiːɡɑːnˈziː
475,Gallade,ɡəˈleɪd
476,Probopass,ˈpɹoʊboʊpæs
477,Dusknoir,ˈdʌsknwɑːɹ
478,Froslass,ˈfɹɑːslæs
479,Rotom,ˈɹoʊtɑːm
480,Uxie,ˈjuːksiː
481,Mesprit,ˈmɛspɹɪt
482,Azelf,ˈæzɛlf
483,Dialga,diːˈɑːlɡə
484,Palkia,ˈpɑːlkiːə
485,Heatran,ˈhiːtɹæn
486,Regigigas,ˌɹɛdʒiːˈɡiːɡəs
487,Giratina,ˌɡɪɹəˈtiːnə
488,Cresselia,kɹɛsˈɛliːə
489,Phione,fiːˈoʊneɪ
490,Manaphy,ˈmænəfiː
491,Darkrai,ˈdɑːɹkɹaɪ
492,Shaymin,ˈʃeɪmɪn
493,Arceus,ˈɑːɹkiːəs
494,Victini,vɪkˈtiːniː
495,Snivy,ˈsnaɪviː
496,Servine,ˈsɝːvaɪn
497,Serperior,sɚˈpɪɹiːɚ
498,Tepig,ˈtɛpɪɡ
499,Pignite,pɪɡˈnaɪt
500,Emboar,ˈɛmbɔːɹ
501,Oshawott,ˈɑːʃəwɑːt
502,Dewott,ˈduwɑːt
503,Samurott,ˈsæmɚɑːt
504,Patrat,pəˈtɹæt
505,Watchog,ˈwɑːtʃɑːɡ
506,Lillipup,ˈlɪliːpʌp
507,Herdier,ˈhɝːdiːɚ
508,Stoutland,ˈstaʊtlənd
509,Purrloin,ˈpɝːlɔɪn
510,Liepard,ˈlaɪpɚd
511,Pansage,ˈpænseɪdʒ
512,Simisage,ˈsɪmiːseɪdʒ
513,Pansear,ˈpænsɪɹ
514,Simisear,ˈsɪmiːsɪɹ
515,Panpour,ˈpænpɔːɹ
516,Simipour,ˈsɪmiːpɔːɹ
517,Munna,ˈmuːnə
518,Musharna,muːˈʃɑːɹnə
519,Pidove,piːˈdʌv
520,Tranquill,ˈtɹæŋkwɪl
521,Unfezant,ʌnˈfɛzənt
522,Blitzle,ˈblɪtsəl
523,Zebstrika,zɛbˈstɹaɪkə
524,Roggenrola,ˌɹɑːɡənˈɹoʊlə
525,Boldore,ˈboʊldɔːɹ
526,Gigalith,ˈɡɪɡəlɪθ
527,Woobat,ˈwuːbæt
528,Swoobat,ˈswuːbæt
529,Drilbur,ˈdɹɪlbɚ
530,Excadrill,ˈɛksədrɪl
531,Audino,ˈɑːdɪnoʊ
532,Timburr,ˈtɪmbɚ
533,Gurdurr,ˈɡɝːdɚ
534,Conkeldurr,kɑːŋˈkɛldɚ
535,Tympole,ˈtɪmpɔːl
536,Palpitoad,ˈpælpətoʊd
537,Seismitoad,ˈsaɪzmətoʊd
538,Throh,ˈθɹoʊ
539,Sawk,ˈsɑːk
540,Sewaddle,səˈwɑːdəl
541,Swadloon,swɑːdˈluːn
542,Leavanny,liːˈvæniː
543,Venipede,ˈvɛnɪpiːd
544,Whirlipede,ˈhwɝːlɪpiːd
545,Scolipede,ˈskoʊlɪpiːd
546,Cottonee,ˈkɑːʔəniː
547,Whimsicott,ˈhwɪmsɪkɑːt
548,Petilil,ˈpɛɾəlɪl
549,Lilligant,ˈlɪləɡənt
550,Basculin,ˈbæskjuːlɪn
551,Sandile,ˈsændaɪl
552,Krokorok,ˈkɹɑːkoʊɹɑːk
553,Krookodile,ˈkɹʊkoʊdaɪl
554,Darumaka,dɑːɹuːˈmɑːkə
555,Darmanitan,dɑːɹˈmænɪtæn
556,Maractus,məˈɹæktəs
557,Dwebble,ˈdwɛbəl
558,Crustle,ˈkɹʌstəl
559,Scraggy,ˈskɹæɡiː
560,Scrafty,ˈskɹæftiː
561,Sigilyph,ˈsɪdʒəlɪf
562,Yamask,ˈjɑːmæsk
563,Cofagrigus,ˌkɑːfəˈɡɹiːɡəs
564,Tirtouga,tɪɹˈtuːɡə
565,Carracosta,ˌkɑːɹəˈkɑːstə
566,Archen,ˈɑːɹkən
567,Archeops,ˈɑːɹkiːɑːps
568,Trubbish,ˈtɹʌbɪʃ
569,Garbodor,ɡɑːɹˈboʊdɚ
570,Zorua,ˈzɔːɹuːə
571,Zoroark,ˈzɔːɹoʊɑːɹk
572,Minccino,mɪnˈtʃiːnoʊ
573,Cinccino,tʃɪnˈtʃiːnoʊ
574,Gothita,ɡɑːθˈiːɾə
575,Gothorita,ˌɡɑːθɔːɹˈiːɾə
576,Gothitelle,ˈɡɑːθɪtɛl
577,Solosis,soʊˈloʊsɪs
578,Duosion,duːˈoʊʒən
579,Reuniclus,ˌɹiːjuːˈniːkləs
580,Ducklett,ˈdʌklət
581,Swanna,ˈswɑːnə
582,Vanillite,vəˈnɪlaɪt
583,Vanillish,vəˈnɪlɪʃ
584,Vanilluxe,vəˈnɪlʌks
585,Deerling,ˈdɪɹlɪŋ
586,Sawsbuck,ˈsɑːzbʌk
587,Emolga,əˈmɔːlɡə
588,Karrablast,ˈkɑːɹəblæst
589,Escavalier,ˌɛskævəˈlɪɹ
590,Foongus,ˈfuːŋɡəs
591,Amoonguss,əˈmuːŋɡəs
592,Frillish,ˈfɹɪlɪʃ
593,Jellicent,ˈdʒɛlɪsənt
594,Alomomola,əˌloʊməˈmoʊlə
595,Joltik,ˈdʒɔːltɪk
596,Galvantula,ɡælˈvæntʃuːlə
597,Ferroseed,fɚˈɑːsiːd
598,Ferrothorn,fɚˈɑːθɔːɹn
599,Klink,ˈklɪŋk
600,Klang,ˈklæŋ
601,Klinklang,ˈklɪŋklæŋ
602,Tynamo,ˈtaɪnəmoʊ
603,Eelektrik,ˈiːlɛktɹɪk
604,Eelektross,ˈiːlɛktɹaːs
605,Elgyem,ˈɛldʒiːjɛm
606,Beheeyem,ˈbiːhiːjɛm
607,Litwick,ˈlɪtwɪk
608,Lampent,ˈlæmpɛnt
609,Chandelure,ʃændəˈlʊəɹ
610,Axew,ˈæksjuː
611,Fraxure,ˈfɹækʃɚ
612,Haxorus,ˈhæksɔːɹəs
613,Cubchoo,ˈkʌbtʃuː
614,Beartic,ˈbɛɹtɪk
615,Cryogonal,kɹaɪˈɑːɡənəl
616,Shelmet,ˈʃɛlmət
617,Accelgor,ækˈsɛlɡɔːɹ
618,Stunfisk,ˈstʌnfɪsk
619,Mienfoo,ˈmiːnfuː
620,Mienshao,ˈmiːnʃaʊ
621,Druddigon,ˈdɹʌdɪɡən
622,Golett,ˈɡɔːlɛt
623,Golurk,ˈɡɔːlɚk
624,Pawniard,ˈpɑːnjɑːɹd
625,Bisharp,ˈbɪʃɑːɹp
626,Bouffalant,ˈbuːfəlɑːnt
627,Rufflet,ˈɹʌflət
628,Braviary,ˈbɹeɪviːɛɹiː
629,Vullaby,ˈvʌləbaɪ
630,Mandibuzz,ˈmændɪbʌz
631,Heatmor,ˈhiːʔmɔːɹ
632,Durant,dɚˈænt
633,Deino,ˈdaɪnoʊ
634,Zweilous,ˈzvaɪləs
635,Hydreigon,̩haɪˈdraɪɡən
636,Larvesta,lɑːɹˈvɛstə
637,Volcarona,ˌvɑːlkəˈɹoʊnə
638,Cobalion,koʊˈbeɪliːən
639,Terrakion,tɚˈækiːən
640,Virizion,vɚˈaɪziːən
641,Tornadus,tɔːɹˈneɪdəs
642,Thundurus,ˈθʌndɚəs
643,Reshiram,ˈɹɛʃəɹæm
644,Zekrom,ˈzɛkɹɑːm
645,Landorus,ˈlændɚəs
646,Kyurem,ˈkjuːɹɛm
647,Keldeo,ˈkɛldiːoʊ
648,Meloetta,ˌmɛloʊˈɛɾə
649,Genesect,ˈdʒɛnəsɛkt
650,Chespin,ˈtʃɛspɪn
651,Quilladin,ˈkwɪlədɪn
652,Chesnaught,ˈtʃɛsnɑːt
653,Fennekin,ˈfɛnəkɪn
654,Braixen,ˈbɹeɪksɪn
655,Delphox,ˈdɛlfɑːks
656,Froakie,ˈfɹoʊkiː
657,Frogadier,fɹɑːɡəˈdɪɹ
658,Greninja,ɡɹəˈnɪndʒə
659,Bunnelby,ˈbʌnəlbiː
660,Diggersby,ˈdɪɡɚzbiː
661,Fletchling,ˈflɛtʃlɪŋ
662,Fletchinder,ˈflɛtʃɪndɚ
663,Talonflame,ˈtælənfleɪm
664,Scatterbug,ˈskætɚbʌɡ
665,Spewpa,ˈspjuːpə
666,Vivillon,ˈvɪviːjɑːn
667,Litleo,ˈlɪtliːoʊ
668,Pyroar,ˈpaɪɹɔːɹ
669,Flabébé,fləˈbeɪbeɪ
670,Floette,floʊˈɛt
671,Florges,ˈflɔːɹdʒɪs
672,Skiddo,skɪˈduː
673,Gogoat,ˈɡoʊɡoʊt
674,Pancham,ˈpæntʃəm
675,Pangoro,ˈpæŋɡɚoʊ
676,Furfrou,ˈfɝːfɹuː
677,Espurr,ˈɛspɚ
678,Meowstic,miˈaʊstɪk
679,Honedge,ˈhoʊnɛdʒ
680,Doublade,ˈdʌbleɪd
681,Aegislash,ˈiːdʒɪslæʃ
682,Spritzee,ˈspɹɪtsiː
683,Aromatisse,əɹoʊməˈtiːs
684,Swirlix,ˈswɝːlɪks
685,Slurpuff,ˈslɝːpʌf
686,Inkay,ˈɪŋkeɪ
687,Malamar,ˈmæləmɑːɹ
688,Binacle,ˈbaɪnəkəl
689,Barbaracle,bɑːɹˈbɛɹəkəl
690,Skrelp,ˈskɹɛlp
691,Dragalge,dɹəˈɡældʒiː
692,Clauncher,ˈklɑːntʃɚ
693,Clawitzer,ˈklɑːwɪtsɚ
694,Helioptile,hiːliːˈɑːptaɪl
695,Heliolisk,ˈhiːliːoʊlɪsk
696,Tyrunt,ˈtaɪɹʌnt
697,Tyrantrum,taɪˈɹæntɹʌm
698,Amaura,əˈmɔːɹə
699,Aurorus,əˈɹɔːɹəs
700,Sylveon,ˈsɪlviːɑːn
701,Hawlucha,hɑːˈluːtʃə
702,Dedenne,dəˈdɛneɪ
703,Carbink,ˈkɑːɹbɪŋk
704,Goomy,ˈɡuːmiː
705,Sliggoo,ˈslɪɡuː
706,Goodra,ˈɡuːdɹə
707,Klefki,ˈklɛfkiː
708,Phantump,ˈfæntʌmp
709,Trevenant,ˈtɹɛvənɪnt
710,Pumpkaboo,ˈpʌmpkəbuː
711,Gourgeist,ˈɡɔːɹɡaɪst
712,Bergmite,ˈbɝːɡmaɪt
713,Avalugg,ˈævəlʌɡ
714,Noibat,ˈnɔɪbæt
715,Noivern,ˈnɔɪvɚn
716,Xerneas,ˈzɝːniːəs
717,Yveltal,iːˈvɛltɑːl
718,Zygarde,ˈzaɪɡɑːɹd
719,Diancie,daɪˈɑːnsiː
720,Hoopa,ˈhuːpə
721,Volcanion,vɑːlˈkaɪniːən
722,Rowlet,ˈɹaʊlət
723,Dartrix,ˈdɑːɹtrɪks
724,Decidueye,dɪˈsɪdʒjuːaɪ
725,Litten,ˈlɪɾən
726,Torracat,ˈtɔːɹəkæt
727,Incineroar,ɪnˈsɪnəɹɔːɹ
728,Popplio,ˈpɑːpliːoʊ
729,Brionne,bɹiːˈɑːn
730,Primarina,ˌpɹiːməˈɹinə
731,Pikipek,ˈpɪkiːpɛk
732,Trumbeak,ˈtɹʌmːbiːk
733,Toucannon,tuːˈkænən
734,Yungoos,ˈjʌŋɡuːs
735,Gumshoos,ˈɡʌmʃuːz
736,Grubbin,ˈɡɹʌbɪn
737,Charjabug,ˈtʃɑːɹdʒəbʌɡ
738,Vikavolt,ˈvaɪːkəvɔːlt
739,Crabrawler,kɹæbˈɹɑːlɚ
740,Crabominable,kræbˈɑːmɪnəbəl
741,Oricorio,ˌɔːɹɪˈkɔːɹiːoʊ
742,Cutiefly,ˈkjutiːflaɪ
743,Ribombee,ɹəˈbɑːmbiː
744,Rockruff,ˈɹɑːkɹʌf
745,Lycanroc,ˈlaɪkənɹɑːk
746,Wishiwashi,ˈwɪʃiːˌwɑːʃi
747,Mareanie,məˈɹiːniː
748,Toxapex,ˈtɑːksəpɛks
749,Mudbray,ˈmʌdbɹeɪ
750,Mudsdale,ˈmʌdzdeɪl
751,Dewpider,ˈduːpədɚ
752,Araquanid,əˈɹæːkwənɪd
753,Fomantis,foʊˈmæntɪs
754,Lurantis,lɚˈæntɪs
755,Morelull,ˈmɔːɹəlʊl
756,Shiinotic,ʃiːˈnɑːtɪk
757,Salandit,səˈlændɪt
758,Salazzle,səˈlæzəl
759,Stufful,ˈstʌfəl
760,Bewear,bəˈwɛɹ
761,Bounsweet,ˈbaʊnswiːt
762,Steenee,ˈstiːniː
763,Tsareena,zɑːˈɹiːnə
764,Comfey,ˈkʌmfeɪ
765,Oranguru,əˈɹæŋɡəɹuː
766,Passimian,ˌpæˈsɪmiːən
767,Wimpod,ˈwɪmpɑːd
768,Golisopod,gəˈlaɪsoʊpɑːd
769,Sandygast,ˈsændiːɡæst
770,Palossand,ˈpæləsænd
771,Pyukumuku,ˌpjuːkuːˈmuːkuː
772,Type: Null,ˌtaɪpˈnʊl
773,Silvally,sɪlˈvælaɪː
774,Minior,ˈmɪniːɔːɹ
775,Komala,koʊˈmɑːlə
776,Turtonator,ˈtɝːɾəneɪɾɚ
777,Togedemaru,ˌtoʊɡədɛˈmɑːɹuː
778,Mimikyu,ˈmiːmiːkjuː
779,Bruxish,ˈbɹʌksɪʃ
780,Drampa,ˈdɹæmpə
781,Dhelmise,dɛlˈmaɪz
782,Jangmo-o,ˈdʒæŋmoʊˌʔoʊ
783,Hakamo-o,ˌhɑːkəˈmoʊʔoʊ
784,Kommo-o,ˈkoʊmoʊˌʔoʊ
785,Tapu Koko,ˌtɑːpuːˈkoʊkoʊ
786,Tapu Lele,ˌtɑːpuːˈleɪleɪ
787,Tapu Bulu,ˌtɑːpuːˈbuːluː
788,Tapu Fini,ˌtɑːpuːˈfiːniː
789,Cosmog,ˈkɑːzmɑːɡ
790,Cosmoem,ˈkɑːzmoʊɛm
791,Solgaleo,ˌsoʊlɡəˈleɪoʊ
792,Lunala,luːˈnɑːlə
793,Nihilego,ˌnaɪəːˈliːɡoʊ
794,Buzzwole,ˈbʌzwɔːl
795,Pheromosa,ˌfɛɹəˈmoʊsə
796,Xurkitree,ˈzɝkɪtriː
797,Celesteela,ˌsɛləˈstiːlə
798,Kartana,kɑːɹˈtɑːnə
799,Guzzlord,ˈɡʌzlɔːɹd
800,Necrozma,nɛˈkɹoʊzmə
801,Magearna,məˈɡɪɹnə
802,Marshadow,ˈmɑːɹʃædoʊ
803,Poipole,ˈpɔːɪpɔl
804,Naganadel,ˌnɑːgəˈnɑːdəl
805,Stakataka,ˌstækəˈtækə
806,Blacephalon,bləˈsɛfəlɑːn
807,Zeraora,ˌzɛɹəʔˈɔːɹə
808,Meltan,ˈmɛltæn
809,Melmetal,ˈmɛlmɛɾəl
810,Grookey,ˈɡɹuːkiː
811,Thwackey,ˈθwækiː
812,Rillaboom,ˈɹɪləbuːm
813,Scorbunny,ˈskɔːɹbʌniː
814,Raboot,ˈɹæbuːt
815,Cinderace,ˈsɪndɚeɪs
816,Sobble,ˈsɑːbəl
817,Drizzile,ˈdɹɪzaɪl
818,Inteleon,ɪnˈtɛliːən
819,Skwovet,ˈskwʌːvət
820,Greedent,ˈɡɹiːdənt
821,Rookidee,ˈɹʊkədiː
822,Corvisquire,ˈkɔːɹvəskwaɪɹ
823,Corviknight,ˈkɔːɹvənaɪt
824,Blipbug,ˈblɪpbʌɡ
825,Dottler,ˈdɑːtlɚ
826,Orbeetle,ˈɔɹbiːɾəl
827,Nickit,ˈnɪkət
828,Thievul,ˈθiːvəl
829,Gossifleur,ˈɡɑːsəflɚ
830,Eldegoss,ˈɛldəɡɑːs
831,Wooloo,ˈwuːluː
832,Dubwool,ˈdʌbwʊl
833,Chewtle,ˈtʃuːɾəl
834,Drednaw,ˈdɹɛdnɑː
835,Yamper,ˈjæmpɚ
836,Boltund,ˈbɔːltənd
837,Rolycoly,ˌɹɔːliːˈkɔːliː
838,Carkol,ˈkɑɹkɔːl
839,Coalossal,kɔːlˈɑːsəl
840,Applin,ˈæplɪn
841,Flapple,ˈflæpəl
842,Appletun,ˈæpəltən
843,Silicobra,sɪləˈkoʊbɹə
844,Sandaconda,sændəkɑːndə
845,Cramorant,ˈkɹæmɚənt
846,Arrokuda,ˌɛrəˈkuːdə
847,Barraskewda,ˌbɛrəˈskjuːdə
848,Toxel,tɑːksəl
849,Toxtricity,tɑksˈtɹɪsətiː
850,Sizzlipede,ˈsɪzləpiːd
851,Centiskorch,ˈsɛntəskɔːɹtʃ
852,Clobbopus,ˈklɑːbəpʊs
853,Grapploct,ˈɡɹæplɑːkt
854,Sinistea,ˈsɪnəstiː
855,Polteageist,ˈpɔːltiːɡaɪst
856,Hatenna,həˈtɛnə
857,Hattrem,ˈhætɹɛm
858,Hatterene,ˈhætɚiːn
859,Impidimp,ˈɪmpɪdɪmp
860,Morgrem,ˈmɔːɹɡɹɛm
861,Grimmsnarl,ˈɡɹɪmsnɑɹl
862,Obstagoon,ˈɑːbstəɡuːn
863,Perrserker,pɚˈsɝkɚ
864,Cursola,ˈkɝsələ
865,Sirfetch'd,sɝˈfɛtʃt
866,Mr. Rime,ˌmɪstɚˈɹaɪm
867,Runerigus,ɹuːnɛˈɹiːɡəs
868,Milcery,ˈmɪlsɚiː
869,Alcremie,ˈælkɹəmiː
870,Falinks,ˈfeɪlɪŋks
871,Pincurchin,pɪnˈkɚtʃən
872,Snom,ˈsnɑːm
873,Frosmoth,ˈfɹɑːsmɑːθ
874,Stonjourner,ˈstoʊndʒɚnɚ
875,Eiscue,ˈaɪskju
876,Indeedee,ɪnˈdiːdiː
877,Morpeko,mɔːɹˈpɛkoʊ
878,Cufant,ˈkjuːfənt
879,Copperajah,ˌkɑːpɚɑːʒə
880,Dracozolt,ˈdɹækəzɔːlt
881,Arctozolt,ˈɑɹktəzɔːlt
882,Dracovish,ˈdɹækəvɪʃ
883,Arctovish,ˈɑɹktəvɪʃ
884,Duraludon,dɚˈælədɑn
885,Dreepy,ˈdɹiːpiː
886,Drakloak,ˈdɹækloʊk
887,Dragapult,ˈdɹæɡəpʊlt
888,Zacian,ˈzɑːʃiːən
889,Zamazenta,ˌzɑːməˈzɛntə
890,Eternatus,ɪˈtɝnətəs
891,Kubfu,kʌbˈfuː
892,Urshifu,ˈɝʃiːfuː
893,Zarude,zɑːˈɹuːd
894,Regieleki,ˌɹɛdʒiːəˈlɛkiː
895,Regidrago,ˌɹɛdʒiːˈdɹɛɪɡoʊ
896,Glastrier,ˈɡlæstɹiːɚ
897,Spectrier,ˈspɛktɹiːɚ
898,Calyrex,ˈkæləɹɛks
899,Wyrdeer,ˈwɪɹdɪɹ
900,Kleavor,ˈkliːvɔːɹ
901,Ursaluna,ˌɝsəˈluːnə
902,Basculegion,ˌbæskjuːˈliːdʒən
903,Sneasler,ˈsniːzlɚ
904,Overqwil,ˈoʊvɚkwɪl
905,Enamorus,ɪˈnæmɚɪs
906,Sprigatito,ˌspɹɪɡəˈtiːtoʊ
907,Floragato,ˌflɔɹəˈɡɑːtoʊ
908,Meowscarada,miˈaʊskəˈɹɑːdə
909,Fuecoco,fweɪˈkoʊkoʊ
910,Crocalor,ˈkɹɑːkəlɔɹ
911,Skeledirge,ˈskɛlədɚdʒ
912,Quaxly,ˈkwæksliː
913,Quaxwell,ˈkwækswɛl
914,Quaquaval,ˈkwɑːkwəvɑːl
915,Lechonk,ləˈtʃɑːnk
916,Oinkologne,ˈɔɪŋkəloʊn
917,Tarountula,təˈɹaʊntʃələ
918,Spidops,ˈspaɪdɑps
919,Nymble,ˈnɪmbəl
920,Lokix,ˈloʊkɪks
921,Pawmi,ˈpɑːmiː
922,Pawmo,ˈpɑːmoʊ
923,Pawmot,ˈpɑːmɑːt
924,Tandemaus,ˈtændəmaʊs
925,Maushold,ˈmaʊshɔld
926,Fidough,ˈfaɪdoʊ
927,Dachsbun,ˈdɑːksbʌn
928,Smoliv,ˈsmoʊlɪv
929,Dolliv,ˈdɑːlɪv
930,Arboliva,ɑɹˈbɑːləvə
931,Squawkabilly,ˈskwɑːkəbɪliː
932,Nacli,ˈnækliː
933,Naclstack,ˈnækəlstæk
934,Garganacl,ɡɑːɹˈɡænəkəl
935,Charcadet,tʃɑːɹkədɛt
936,Armarouge,ˈɑːɹmɚuːʒ
937,Ceruledge,səˈɹuːlɛdʒ
938,Tadbulb,ˈtædbʊlb
939,Bellibolt,ˈbɛliːbɔlt
940,Wattrel,ˈwɑːtɹəl
941,Kilowattrel,ˌkiːloʊˈwɑtɹəl
942,Maschiff,ˈmæstʃɪf
943,Mabosstiff,məˈbɑːstɪf
944,Shroodle,ˈʃɹuːdəl
945,Grafaiai,ɡɹəˈfaɪaɪ
946,Bramblin,ˈbɹæmblɪn
947,Brambleghast,ˈbɹæmbəlɡæst
948,Toedscool,ˈtoʊdzkuːl
949,Toedscruel,ˈtoʊdzkɹuːl
950,Klawf,ˈklɑːf
951,Capsakid,kæpˈsɛɪkɪd
952,Scovillain,ˈskoʊvɪlən
953,Rellor,ˈɹɛlɔɹ
954,Rabsca,ˈɹæbskə
955,Flittle,ˈflɪɾəl
956,Espathra,ɛsˈpæθɹə
957,Tinkatink,ˈtiːŋkətiːŋk
958,Tinkatuff,ˈtiːŋkətʌf
959,Tinkaton,ˈtiːŋkətʌn
960,Wiglett,ˈwɪɡlət
961,Wugtrio,wʌɡˈtɹiːoʊ
962,Bombirdier,ˌbɑːmˈbɝdiːɚ
963,Finizen,ˈfɪnɪzən
964,Palafin,ˈpæləfɪn
965,Varoom,vəˈɹuːm
966,Revavroom,ˈɹɛvəvɹuːm
967,Cyclizar,ˈsaɪkləzɑːɹ
968,Orthworm,ˈɔɹθwɚm
969,Glimmet,ˈɡlɪmət
970,Glimmora,ɡləˈmɔɹə
971,Greavard,ˈɡɹiːvɑːɹd
972,Houndstone,ˈhaʊndstoʊn
973,Flamigo,fləˈmiːɡoʊ
974,Cetoddle,səˈtɑːdəl
975,Cetitan,səˈtaɪtən
976,Veluza,vəˈluːzə
977,Dondozo,doʊnˈdoʊnzoʊ
978,Tatsugiri,ˌtɑːtsuːɡɪɹiː
979,Annihilape,əˈnaɪəleɪp
980,Clodsire,ˈklɑːdsaɪɚ
981,Farigiraf,fəˈɹɪɡəɹæf
982,Dudunsparce,dəˈdʌnspɑːɹs
983,Kingambit,kiːŋˈɡæmbɪt
984,Great Tusk,ˌɡɹɛɪt ˈtʌsk
985,Scream Tail,ˈskɹiːm ˌteɪl
986,Brute Bonnet,ˌbɹuːt ˈbɑːnət
987,Flutter Mane,ˈflʌɾɚ ˌmeɪn
988,Slither Wing,ˈslɪðɚ ˌwiŋ
989,Sandy Shocks,ˈsændiː ˈʃɑːks
990,Iron Treads,ˌaɪɹn ˈtɹɛdz
991,Iron Bundle,ˌaɪɹn ˈbʌndəl
992,Iron Hands,ˌaɪɹn ˈhændz
993,Iron Jugulis,ˌaɪɹn ˈdʒʌɡjuːləs
994,Iron Moth,ˌaɪɹn ˈmɑːθ
995,Iron Thorns,ˌaɪɹn ˈθɔɹnz
996,Frigibax,ˈfɹɪdʒɪbæks
997,Arctibax,ˈɑɹktɪbæks
998,Baxcalibur,bæksˈkælɪbɚ
999,Gimmighoul,ˈɡɪmiːɡuːl
1000,Gholdengo,ˈɡɔldənɡoʊ
1001,Wo-Chien,woʊˈtʃiːən
1002,Chien-Pao,tʃiːənˈpaʊ
1003,Ting-Lu,tiŋˈluː
1004,Chi-Yu,tʃiːˈjuː
1005,Roaring Moon,ˌɹɔɹiŋ ˈmuːn
1006,Iron Valiant,ˌaɪɹn ˈvæljənt
1007,Koraidon,kɔːɹˈaɪdɑːn
1008,Miraidon,mɪɹˈaɪdɑːn